accession,snp_index,positions,ref_bases,alt_bases,size,delta_pred
9946,17,73;74;71,GNA,CCC,3,0.30029311239885503
10022,17,73;74;75,GNC,CCA,3,0.24177506772531995
6008,17,73;74;71,GAA,CCC,3,0.23217534039682913
7424,17,73;74;71,GAA,CCC,3,0.22370916461323315
9719,331,343;329;344,TAC,ATG,3,0.2221249443760953
9383,331,326;325;344,ACC,CAG,3,0.21266332768573779
9629,331,343;427;344,TTC,AAG,3,0.2104442022837687
9638,331,343;325;344,NNC,ACG,3,0.20625622635109053
9874,17,74;71,NA,AC,2,0.2042693378539972
8235,331,343;327;344,TGC,ACG,3,0.20052091867589356
9633,331,343;329;344,TAC,AGG,3,0.19636499621764325
9639,331,326;329;344,ANC,TGG,3,0.19486804331246788
8264,331,343;327;344,TGC,ACG,3,0.1945202667216006
1797,331,343;327;344,TGC,ACG,3,0.192582130511891
6105,17,74;71,NA,AC,2,0.1906360473277001
9722,17,73;74,GA,CC,2,0.1905890904117098
2016,331,343;327;344,TGC,ACG,3,0.18717188529529144
9382,331,343;327;344,TGC,ACG,3,0.18630336265733355
5784,17,73;74;76,GAN,CCG,3,0.18629681122753017
9849,331,343;327;344,TGC,ACG,3,0.1857416867922822
9983,17,73;74;70,NNN,CCC,3,0.18559678130153512
351,331,343;342;344,NCC,AGG,3,0.17877161648491352
7378,331,326;343;344,ATC,CAG,3,0.17841321177124647
7307,331,326;325;344,ACC,GTG,3,0.17827735169201742
430,331,326;327;344,AGC,CCG,3,0.17741968534734012
6163,331,343;327;344,TGC,ACG,3,0.17717243499940172
9943,331,326;343;344,ATC,GAG,3,0.17666120210586578
6923,331,343;327;344,TGC,ACG,3,0.17584894610164215
9847,331,343;329;344,TAC,AGG,3,0.1750253628385301
763,331,343;327;344,TGC,ACG,3,0.17476799747419358
14312,331,343;327;344,TGC,ACG,3,0.17476799747419336
6214,331,343;327;344,TGC,ACG,3,0.17476799747419314
15591,331,343;327;344,TGC,ACG,3,0.17476799747419308
6173,331,343;327;344,TGC,ACG,3,0.17476799747419303
8240,331,343;327;344,TGC,ACG,3,0.17476799747419297
9381,331,343;327;344,TGC,ACG,3,0.17476799747419297
6021,331,343;327;344,TGC,ACG,3,0.17476799747419297
9470,331,343;327;344,TGC,ACG,3,0.17476799747419294
9399,331,343;327;344,TGC,ACG,3,0.17476799747419292
6091,331,343;327;344,TGC,ACG,3,0.17476799747419292
14313,331,343;327;344,TGC,ACG,3,0.1747679974741928
9867,362,329;326;332,NAA,TCC,3,0.17259784024496505
9450,331,343;327;344,TGC,ACG,3,0.17191130239073837
6166,331,343;327;344,TGC,ACG,3,0.17188140880411096
7248,331,343;327;344,TGC,ACG,3,0.1715622874463273
546,331,343;327;344,TGC,ACG,3,0.17097085720354965
544,331,343;327;344,TGC,ACG,3,0.17097085720354965
2017,331,343;327;344,TGC,ACG,3,0.17097085720354954
2081,331,343;327;344,TGC,ACG,3,0.17097085720354954
1793,331,343;327;344,TGC,ACG,3,0.17097085720354954
2091,331,343;327;344,TGC,ACG,3,0.17097085720354943
2412,331,343;327;344,TGC,ACG,3,0.17097085720354932
2370,331,343;327;344,TGC,ACG,3,0.1709708572035491
9918,331,326;327;344,AGC,CCG,3,0.17081876983582062
7013,331,343;327;344,TGC,ACG,3,0.1704276858085095
9517,331,343;327;344,TGC,ACG,3,0.1702316285798301
9997,17,73;74,GA,CC,2,0.16976553658669213
6907,17,73;74,GA,CC,2,0.16958287305903486
7158,17,73;74,GA,CC,2,0.1686518734669049
9451,331,343;327;344,TGC,ACG,3,0.16772239851115125
9914,331,343;329;344,TAC,ATG,3,0.1665653751702031
8312,17,73;74,GA,CC,2,0.16612177207332426
9528,331,326;343;344,ATC,GAG,3,0.16523406792922923
6970,331,343;327;344,TGC,ACG,3,0.165135693608903
5772,17,71;79,AG,CA,2,0.16509409722731597
9452,331,343;327;344,TGC,ACG,3,0.16368608127921924
9848,331,326;325;344,ACC,CGG,3,0.1632336408455316
6022,331,343;327;344,TGC,ACG,3,0.16179739985757072
9835,17,71;79,AG,CA,2,0.16092401579114846
6943,17,71;79,AG,CA,2,0.16092401579114823
7162,331,343;327;344,TGC,ACG,3,0.16048930195679778
9539,243,511;169;509,CCT,TAG,3,0.16002621556471475
9903,331,343;342;344,TCN,AGG,3,0.15829098916047202
6192,331,343;327;344,TGC,ACG,3,0.1581983401974719
6019,331,343;327;344,TGC,ACG,3,0.15737656267296038
350,331,343;329;344,NAC,ATG,3,0.15676466166155312
410,331,326;427;344,ATC,CGG,3,0.15438740862809122
6944,331,326;327;344,AGC,CCG,3,0.15434224356874038
9795,331,343;327;344,TGC,ACG,3,0.1537751875335278
9984,340,235;238;234,TAT,GCC,3,0.15366689960939167
6909,331,343;329;344,TAC,ATG,3,0.15314483962065362
9810,331,343;329;344,TAC,AGG,3,0.15312207374633424
9612,340,235;234;220,TTA,GCT,3,0.15054522547452187
6967,243,511;509;409,CTC,GCG,3,0.15024386606019524
9529,331,326;327;344,AGC,CCG,3,0.14915387022620102
9542,331,326;325;344,ACC,CGG,3,0.14845371708670962
6924,340,233;211;234,TTT,GCC,3,0.1470953929588824
9806,331,343;327;344,TGC,ACG,3,0.14548536174657528
8343,340,235;234;220,TTA,GCT,3,0.14478978131531597
6966,340,235;234;220,TTA,GCT,3,0.14465624717603842
8422,340,235;234;220,TTA,GCT,3,0.1432286897318039
6020,243,511;169;509,CCT,TAG,3,0.1430361941306577
9875,331,343;327;344,TGC,ACG,3,0.14230573389379486
6971,243,511;168;509,CGT,TCG,3,0.13958749179171515
9877,362,329;326;332,CAA,TCC,3,0.1390665536485961
6961,243,168;509;409,GTC,CAG,3,0.1386434347390002
9870,243,513;512;510,CGT,AAA,3,0.13845692761307515
7000,340,235;234;220,TTA,GCT,3,0.13749981452119298
6244,331,326;327;344,AGC,CCG,3,0.1373583222717889
9764,331,342;328;343,TAC,AGG,3,0.13660071126681905
9775,17,71;79,AG,CA,2,0.13576100880954328
6193,340,235;234;220,TTA,GCT,3,0.13507318769315985
9755,340,235;234;220,TTA,GCT,3,0.1322021944706444
9855,17,71;79,AG,CA,2,0.13214091542803552
9846,17,71;79,AG,CA,2,0.1307395520703753
6904,340,235;234;220,TTA,GCT,3,0.1300394859972669
7071,17,71;79,AG,CA,2,0.12861443362664848
7280,331,343;329;344,TAC,AGG,3,0.1277193451146429
5776,17,71;79,AG,CA,2,0.12693902942013058
6908,17,71;79,AG,CA,2,0.1269390294201303
