accession,step,variant_type,snp_index,positions,ref_bases,alt_bases,size,original_delta,step_delta,cumulative_delta,prediction_after_step
10022,1,combo,17,73;74;75,GNC,CCA,3,0.24177506772531995,0.24177506772531995,0.24177506772531995,0.3749662099873773
14312,1,combo,331,343;327;344,TGC,ACG,3,0.17476799747419336,0.17476799747419336,0.17476799747419336,-1.099557067231931
14313,1,combo,331,343;327;344,TGC,ACG,3,0.1747679974741928,0.1747679974741928,0.1747679974741928,-0.9780400512653143
15591,1,combo,331,343;327;344,TGC,ACG,3,0.17476799747419308,0.17476799747419308,0.17476799747419308,-0.08038971387546161
1793,1,combo,331,343;327;344,TGC,ACG,3,0.17097085720354954,0.17097085720354954,0.17097085720354954,-0.5518750385072527
1797,1,combo,331,343;327;344,TGC,ACG,3,0.192582130511891,0.192582130511891,0.192582130511891,-0.5211062738823895
2016,1,combo,331,343;327;344,TGC,ACG,3,0.18717188529529144,0.18717188529529144,0.18717188529529144,0.5317895412399537
2017,1,combo,331,343;327;344,TGC,ACG,3,0.17097085720354954,0.17097085720354954,0.17097085720354954,-0.5209883673266672
2081,1,combo,331,343;327;344,TGC,ACG,3,0.17097085720354954,0.17097085720354954,0.17097085720354954,-0.37482692162997866
2091,1,combo,331,343;327;344,TGC,ACG,3,0.17097085720354943,0.17097085720354943,0.17097085720354943,-0.550920192372943
2370,1,combo,331,343;327;344,TGC,ACG,3,0.1709708572035491,0.1709708572035491,0.1709708572035491,-0.5442226918943017
2412,1,combo,331,343;327;344,TGC,ACG,3,0.17097085720354932,0.17097085720354932,0.17097085720354932,-0.48670386430300794
350,1,combo,331,343;329;344,NAC,ATG,3,0.15676466166155312,0.15676466166155312,0.15676466166155312,0.6660356542508982
351,1,combo,331,343;342;344,NCC,AGG,3,0.17877161648491352,0.17877161648491352,0.17877161648491352,0.2768566346498167
410,1,combo,331,326;427;344,ATC,CGG,3,0.15438740862809122,0.15438740862809122,0.15438740862809122,0.2581430105898563
430,1,combo,331,326;327;344,AGC,CCG,3,0.17741968534734012,0.17741968534734012,0.17741968534734012,0.17420186423110692
544,1,combo,331,343;327;344,TGC,ACG,3,0.17097085720354965,0.17097085720354965,0.17097085720354965,-0.5332373779177291
546,1,combo,331,343;327;344,TGC,ACG,3,0.17097085720354965,0.17097085720354965,0.17097085720354965,-0.5414264093086696
5772,1,combo,17,71;79,AG,CA,2,0.16509409722731597,0.16509409722731597,0.16509409722731597,0.3106204452001681
5776,1,single,17,71,A,C,1,0.12881737319228304,0.12881737319228304,0.12881737319228304,0.8372574321283792
5784,1,combo,17,73;74;76,GAN,CCG,3,0.18629681122753017,0.18629681122753017,0.18629681122753017,0.4141003689995288
6008,1,combo,17,73;74;71,GAA,CCC,3,0.23217534039682913,0.23217534039682913,0.23217534039682913,0.04177931944398107
6019,1,combo,331,343;327;344,TGC,ACG,3,0.15737656267296038,0.15737656267296038,0.15737656267296038,0.34079186965138264
6020,1,combo,243,511;169;509,CCT,TAG,3,0.1430361941306577,0.1430361941306577,0.1430361941306577,-0.06939756698832987
6021,1,combo,331,343;327;344,TGC,ACG,3,0.17476799747419297,0.17476799747419297,0.17476799747419297,-0.25448690055467377
6022,1,combo,331,343;327;344,TGC,ACG,3,0.16179739985757072,0.16179739985757072,0.16179739985757072,-0.1359121154867359
6091,1,combo,331,343;327;344,TGC,ACG,3,0.17476799747419292,0.17476799747419292,0.17476799747419292,0.337315669145731
6105,1,combo,17,74;71,NA,AC,2,0.1906360473277001,0.1906360473277001,0.1906360473277001,0.16944722755613945
6163,1,combo,331,343;327;344,TGC,ACG,3,0.17717243499940172,0.17717243499940172,0.17717243499940172,-1.441580731962347
6166,1,combo,331,343;327;344,TGC,ACG,3,0.17188140880411096,0.17188140880411096,0.17188140880411096,-1.3420895749927741
6173,1,combo,331,343;327;344,TGC,ACG,3,0.17476799747419303,0.17476799747419303,0.17476799747419303,-0.8550487633917189
6192,1,combo,331,343;327;344,TGC,ACG,3,0.1581983401974719,0.1581983401974719,0.1581983401974719,-0.014133002006854375
6193,1,combo,340,235;234;220,TTA,GCT,3,0.13507318769315985,0.13507318769315985,0.13507318769315985,0.07475688303567739
6214,1,combo,331,343;327;344,TGC,ACG,3,0.17476799747419314,0.17476799747419314,0.17476799747419314,-0.7057723958479658
6244,1,combo,331,326;327;344,AGC,CCG,3,0.1373583222717889,0.1373583222717889,0.1373583222717889,-1.216387312520885
6904,1,combo,340,235;234;220,TTA,GCT,3,0.1300394859972669,0.1300394859972669,0.1300394859972669,1.0380351992252665
6907,1,combo,17,73;74,GA,CC,2,0.16958287305903486,0.16958287305903486,0.16958287305903486,0.7383922204281128
6908,1,single,17,71,A,C,1,0.12881737319228287,0.12881737319228287,0.12881737319228287,0.6152273423503226
6909,1,combo,331,343;329;344,TAC,ATG,3,0.15314483962065362,0.15314483962065362,0.15314483962065362,0.06148821456476012
6923,1,combo,331,343;327;344,TGC,ACG,3,0.17584894610164215,0.17584894610164215,0.17584894610164215,1.3426546762402658
6924,1,combo,340,233;211;234,TTT,GCC,3,0.1470953929588824,0.1470953929588824,0.1470953929588824,0.7252466055830471
6943,1,combo,17,71;79,AG,CA,2,0.16092401579114823,0.16092401579114823,0.16092401579114823,1.003968543084648
6944,1,combo,331,326;327;344,AGC,CCG,3,0.15434224356874038,0.15434224356874038,0.15434224356874038,0.4333586813783612
6961,1,combo,243,168;509;409,GTC,CAG,3,0.1386434347390002,0.1386434347390002,0.1386434347390002,1.0062678777135914
6966,1,combo,340,235;234;220,TTA,GCT,3,0.14465624717603842,0.14465624717603842,0.14465624717603842,0.6479443293515752
6967,1,combo,243,511;509;409,CTC,GCG,3,0.15024386606019524,0.15024386606019524,0.15024386606019524,1.0455519545926582
6970,1,combo,331,343;327;344,TGC,ACG,3,0.165135693608903,0.165135693608903,0.165135693608903,1.317925668846751
6971,1,combo,243,511;168;509,CGT,TCG,3,0.13958749179171515,0.13958749179171515,0.13958749179171515,0.7924231699232029
7000,1,combo,340,235;234;220,TTA,GCT,3,0.13749981452119298,0.13749981452119298,0.13749981452119298,0.42819331766087765
7013,1,combo,331,343;327;344,TGC,ACG,3,0.1704276858085095,0.1704276858085095,0.1704276858085095,0.007881164595154646
7071,1,single,17,71,A,C,1,0.12896204872502748,0.12896204872502748,0.12896204872502748,1.0607690379678698
7158,1,combo,17,73;74,GA,CC,2,0.1686518734669049,0.1686518734669049,0.1686518734669049,0.08949427919832802
7162,1,combo,331,343;327;344,TGC,ACG,3,0.16048930195679778,0.16048930195679778,0.16048930195679778,0.5171381736098589
7248,1,combo,331,343;327;344,TGC,ACG,3,0.1715622874463273,0.1715622874463273,0.1715622874463273,-0.5506266070693283
7280,1,single,17,71,A,C,1,0.12796656777531712,0.12796656777531712,0.12796656777531712,0.7881965052964149
7307,1,combo,331,326;325;344,ACC,GTG,3,0.17827735169201742,0.17827735169201742,0.17827735169201742,1.1174320271806468
7378,1,combo,331,326;343;344,ATC,CAG,3,0.17841321177124647,0.17841321177124647,0.17841321177124647,0.2933550502835426
7424,1,combo,17,73;74;71,GAA,CCC,3,0.22370916461323315,0.22370916461323315,0.22370916461323315,0.1253361861492794
763,1,combo,331,343;327;344,TGC,ACG,3,0.17476799747419358,0.17476799747419358,0.17476799747419358,-2.1627848216715924
8235,1,combo,331,343;327;344,TGC,ACG,3,0.20052091867589356,0.20052091867589356,0.20052091867589356,-0.13954205097095024
8240,1,combo,331,343;327;344,TGC,ACG,3,0.17476799747419297,0.17476799747419297,0.17476799747419297,-0.09844297753127416
8264,1,combo,331,343;327;344,TGC,ACG,3,0.1945202667216006,0.1945202667216006,0.1945202667216006,1.3504316192146015
8312,1,combo,17,73;74,GA,CC,2,0.16612177207332426,0.16612177207332426,0.16612177207332426,0.4060143558271891
8343,1,combo,340,235;234;220,TTA,GCT,3,0.14478978131531597,0.14478978131531597,0.14478978131531597,0.3317240817176655
8422,1,combo,340,235;234;220,TTA,GCT,3,0.1432286897318039,0.1432286897318039,0.1432286897318039,0.198283684998343
9381,1,combo,331,343;327;344,TGC,ACG,3,0.17476799747419297,0.17476799747419297,0.17476799747419297,-0.06531884557039415
9382,1,combo,331,343;327;344,TGC,ACG,3,0.18630336265733355,0.18630336265733355,0.18630336265733355,-0.027028344253838696
9383,1,combo,331,326;325;344,ACC,CAG,3,0.21266332768573779,0.21266332768573779,0.21266332768573779,-0.24958405570918843
9399,1,combo,331,343;327;344,TGC,ACG,3,0.17476799747419292,0.17476799747419292,0.17476799747419292,0.09035956774544075
9450,1,combo,331,343;327;344,TGC,ACG,3,0.17191130239073837,0.17191130239073837,0.17191130239073837,-0.11842630778279571
9451,1,combo,331,343;327;344,TGC,ACG,3,0.16772239851115125,0.16772239851115125,0.16772239851115125,0.343311581893803
9452,1,combo,331,343;327;344,TGC,ACG,3,0.16368608127921924,0.16368608127921924,0.16368608127921924,0.5145549222178794
9470,1,combo,331,343;327;344,TGC,ACG,3,0.17476799747419294,0.17476799747419294,0.17476799747419294,0.23717166915816232
9517,1,combo,331,343;327;344,TGC,ACG,3,0.1702316285798301,0.1702316285798301,0.1702316285798301,1.0556169494175496
9528,1,combo,331,326;343;344,ATC,GAG,3,0.16523406792922923,0.16523406792922923,0.16523406792922923,0.8820562933768668
9529,1,combo,331,326;327;344,AGC,CCG,3,0.14915387022620102,0.14915387022620102,0.14915387022620102,0.6144484162029764
9539,1,combo,243,511;169;509,CCT,TAG,3,0.16002621556471475,0.16002621556471475,0.16002621556471475,1.2831647247116997
9542,1,combo,331,326;325;344,ACC,CGG,3,0.14845371708670962,0.14845371708670962,0.14845371708670962,0.9131416793456558
9612,1,combo,340,235;234;220,TTA,GCT,3,0.15054522547452187,0.15054522547452187,0.15054522547452187,-1.1951446291028751
9629,1,combo,331,343;427;344,TTC,AAG,3,0.2104442022837687,0.2104442022837687,0.2104442022837687,-2.170149327486218
9633,1,combo,331,343;329;344,TAC,AGG,3,0.19636499621764325,0.19636499621764325,0.19636499621764325,-1.7044601155945975
9638,1,combo,331,343;325;344,NNC,ACG,3,0.20625622635109053,0.20625622635109053,0.20625622635109053,-2.288329404066246
9639,1,combo,331,326;329;344,ANC,TGG,3,0.19486804331246788,0.19486804331246788,0.19486804331246788,-2.0541156360196404
9719,1,combo,331,343;329;344,TAC,ATG,3,0.2221249443760953,0.2221249443760953,0.2221249443760953,0.9153872651495384
9722,1,combo,17,73;74,GA,CC,2,0.1905890904117098,0.1905890904117098,0.1905890904117098,-0.07416104175954223
9755,1,combo,340,235;234;220,TTA,GCT,3,0.1322021944706444,0.1322021944706444,0.1322021944706444,0.3686835218178598
9764,1,combo,331,342;328;343,TAC,AGG,3,0.13660071126681905,0.13660071126681905,0.13660071126681905,0.7703439953119167
9775,1,combo,17,71;79,AG,CA,2,0.13576100880954328,0.13576100880954328,0.13576100880954328,0.3976583981348811
9795,1,combo,331,343;327;344,TGC,ACG,3,0.1537751875335278,0.1537751875335278,0.1537751875335278,0.22073697242943577
9806,1,combo,331,343;327;344,TGC,ACG,3,0.14548536174657528,0.14548536174657528,0.14548536174657528,-0.06982986615004076
9810,1,combo,331,343;329;344,TAC,AGG,3,0.15312207374633424,0.15312207374633424,0.15312207374633424,0.25327884075446117
9835,1,combo,17,71;79,AG,CA,2,0.16092401579114846,0.16092401579114846,0.16092401579114846,1.5370466774167644
9846,1,combo,17,71;79,AG,CA,2,0.1307395520703753,0.1307395520703753,0.1307395520703753,0.5884384816481356
9847,1,combo,331,343;329;344,TAC,AGG,3,0.1750253628385301,0.1750253628385301,0.1750253628385301,1.123456370598809
9848,1,combo,331,326;325;344,ACC,CGG,3,0.1632336408455316,0.1632336408455316,0.1632336408455316,0.9324682818081909
9849,1,combo,331,343;327;344,TGC,ACG,3,0.1857416867922822,0.1857416867922822,0.1857416867922822,1.0493621397052117
9855,1,combo,17,71;79,AG,CA,2,0.13214091542803552,0.13214091542803552,0.13214091542803552,1.2570310873175905
9867,1,combo,362,329;326;332,NAA,TCC,3,0.17259784024496505,0.17259784024496505,0.17259784024496505,0.9444188467375195
9870,1,combo,243,513;512;510,CGT,AAA,3,0.13845692761307515,0.13845692761307515,0.13845692761307515,0.9552503514084042
9874,1,combo,17,74;71,NA,AC,2,0.2042693378539972,0.2042693378539972,0.2042693378539972,0.6616450625157158
9875,1,combo,331,343;327;344,TGC,ACG,3,0.14230573389379486,0.14230573389379486,0.14230573389379486,0.8964687418545203
9877,1,combo,362,329;326;332,CAA,TCC,3,0.1390665536485961,0.1390665536485961,0.1390665536485961,0.9243911948864819
9903,1,combo,331,343;342;344,TCN,AGG,3,0.15829098916047202,0.15829098916047202,0.15829098916047202,0.5723661931924721
9914,1,combo,331,343;329;344,TAC,ATG,3,0.1665653751702031,0.1665653751702031,0.1665653751702031,1.0968647972780279
9918,1,combo,331,326;327;344,AGC,CCG,3,0.17081876983582062,0.17081876983582062,0.17081876983582062,0.57274756624797
9943,1,combo,331,326;343;344,ATC,GAG,3,0.17666120210586578,0.17666120210586578,0.17666120210586578,1.3322861418016407
9946,1,combo,17,73;74;71,GNA,CCC,3,0.30029311239885503,0.30029311239885503,0.30029311239885503,1.3712602319070635
9983,1,combo,17,73;74;70,NNN,CCC,3,0.18559678130153512,0.18559678130153512,0.18559678130153512,0.9257498970944115
9984,1,combo,340,235;238;234,TAT,GCC,3,0.15366689960939167,0.15366689960939167,0.15366689960939167,0.27668821240253555
9997,1,combo,17,73;74,GA,CC,2,0.16976553658669213,0.16976553658669213,0.16976553658669213,0.6012200496198664
